{"cameraMode":{"drawMode":0,"name":"Shaded","section":"Shading Mode"},"sceneLighting":false,"audioPlay":false,"sceneViewState":{"showFog":true,"showMaterialUpdate":false,"showSkybox":false,"showFlares":true,"showImageEffects":true,"showParticleSystems":true},"in2DMode":false,"pivot":{"x":-44.29536437988281,"y":41.90879440307617,"z":601.0064697265625},"rotation":{"x":-0.04532570019364357,"y":0.005167740862816572,"z":0.0020685347262769939,"w":-0.9994361996650696},"size":103.13233947753906,"orthographic":false}