{"cameraMode":{"drawMode":0,"name":"Shaded","section":"Shading Mode"},"sceneLighting":false,"audioPlay":false,"sceneViewState":{"showFog":true,"showMaterialUpdate":false,"showSkybox":false,"showFlares":true,"showImageEffects":true,"showParticleSystems":true},"in2DMode":false,"pivot":{"x":-0.08916807174682617,"y":0.2788689136505127,"z":0.13772201538085938},"rotation":{"x":-0.09314972907304764,"y":0.02299485355615616,"z":-0.002151757013052702,"w":-0.9953866004943848},"size":3.955505847930908,"orthographic":false}