{"cameraMode":{"drawMode":0,"name":"Shaded","section":"Shading Mode"},"sceneLighting":false,"audioPlay":false,"sceneViewState":{"showFog":true,"showMaterialUpdate":false,"showSkybox":false,"showFlares":true,"showImageEffects":true,"showParticleSystems":true},"in2DMode":false,"pivot":{"x":-0.0010043978691101075,"y":0.07863068580627442,"z":0.0},"rotation":{"x":0.003047371283173561,"y":-0.9958183765411377,"z":0.09618265181779862,"w":0.009396100416779518},"size":1.2400201559066773,"orthographic":false}