{"cameraMode":{"drawMode":0,"name":"Shaded","section":"Shading Mode"},"sceneLighting":false,"audioPlay":false,"sceneViewState":{"showFog":true,"showMaterialUpdate":false,"showSkybox":false,"showFlares":true,"showImageEffects":true,"showParticleSystems":true},"in2DMode":false,"pivot":{"x":-0.033450961112976077,"y":-0.0024698972702026369,"z":0.0},"rotation":{"x":-0.0646667331457138,"y":-0.036721985787153247,"z":0.00464233011007309,"w":-0.997690737247467},"size":1.2920905351638795,"orthographic":false}