{"cameraMode":{"drawMode":0,"name":"Shaded","section":"Shading Mode"},"sceneLighting":true,"audioPlay":false,"sceneViewState":{"showFog":true,"showMaterialUpdate":false,"showSkybox":true,"showFlares":true,"showImageEffects":true,"showParticleSystems":true},"in2DMode":false,"pivot":{"x":-103.28848266601563,"y":1538.5274658203125,"z":1370.37158203125},"rotation":{"x":-0.22815020382404328,"y":0.09533139318227768,"z":-0.022453026846051217,"w":-0.9686869382858276},"size":876.3862915039063,"orthographic":false}